HG01352_chr1_haplotype1-0000014:17363731-23836937	18096054	22530500	4434446
HG03520_chr1_haplotype2-0000162:120790444-125980692	121475383	125035199	3559816
HG00733_chr1_haplotype1-0000023:17409200-21180874	18126074	20181572	2055498
HG00171_rc-chr1_haplotype2-0000151:120517220-126081193	121240405	125070851	3830446
HG01573_rc-chr1_haplotype2-0000081:121293836-128226634	121978753	126847451	4868698
HG03248_chr1_haplotype2-0000137:120985620-128603118	121649856	127233626	5583770
HG03732_chr1_haplotype2-0000073:121368480-127629078	122118944	126407061	4288117
HG00733_chr1_haplotype2-0000082:121000111-128737909	121661753	125372161	3710408
HG00733_chr1_haplotype2-0000082:121000111-128737909	125820614	127658173	1837559
NA19347_chr1_haplotype2-0000079:120908534-126670032	121655939	125555256	3899317
NA12329_chr1_haplotype1-0000009:121225272-128390570	121942179	127090152	5147973
HG03009_rc-chr1_haplotype1-0000009:121174520-125772068	121831389	124786042	2954653
HG00513_rc-chr1_haplotype1-0000040:121466713-127608193	122152270	126518064	4365794
HG03371_chr1_haplotype2-0000082:121469792-129722216	122197573	128473243	6275670
HG02666_chr1_haplotype1-0000026:121475961-127111944	122168776	126138621	3969845
NA19705_chr1_haplotype2-0000089:121319268-126737849	121975919	125670866	3694947
NA12329_chr1_haplotype2-0000079:121174801-128601799	121886069	127364779	5478710
HG01573_rc-chr1_haplotype1-0000024:121168122-126852171	121822932	125788680	3965748
NA19434_chr1_haplotype1-0000049:103361476-110442224	104065714	109381670	5315956
NA19240_rc-chr1_haplotype1-0000019:121247452-128348050	122044557	127183530	5138973
NA18534_rc-chr1_haplotype2-0000085:120798296-127432994	121520892	126162076	4641184
HG01114_chr1_haplotype1-0000023:121334212-129646809	122067899	128342518	6274619
HG02106_rc-chr1_haplotype2-0000103:121087497-126026281	121764323	125010225	3245902
HG03248_chr1_haplotype1-0000013:120801033-126174703	121465172	125071453	3606281
HG03520_rc-chr1_haplotype1-0000021:121591165-126545363	122255326	125431761	3176435
HG02666_rc-chr1_haplotype2-0000084:120777524-126975022	121465927	125911961	4446034
HG03683_chr1_haplotype1-0000010:121383095-126512293	122129978	125239028	3109050
HG03807_chr2_haplotype2-0000100:91853467-95404039	92372568	94881499	2508931
NA19705_chr2_haplotype2-0000076:91518384-94642332	92037499	94119811	2082312
NA12329_rc-chr2_haplotype1-0000016:91258065-94566533	91775458	94044042	2268584
HG00514_rc-chr2_haplotype1-0000041:91748147-94549145	92270649	94030022	1759373
NA20509_chr2_haplotype1-0000003:92395604-94842253	92918102	94319746	1401644
NA19347_chr2_haplotype2-0000081:91429600-95059764	91948700	94540692	2591992
NA19129_rc-chr2_haplotype2-0000111:90297853-93267850	90816961	92743878	1926917
HG03807_chr2_haplotype1-0000019:91452187-95122042	91974705	94599516	2624811
HG00864_chr2_haplotype1-0000030:945598-4105562	1468116	3583088	2114972
NA24385_chr2_haplotype2-0000096:91631931-94629608	92154449	94107125	1952676
HG01114_rc-chr2_haplotype2-0000270:91691784-94335891	92215335	94171641	1956306
HG01573_chr2_haplotype1-0000020:1532029-5508050	2051127	4983477	2932350
NA20509_rc-chr2_haplotype2-0000097:91459279-94321427	91981762	93798920	1817158
HG03683_rc-chr2_haplotype1-0000021:2678915-6178313	3198000	5655787	2457787
HG02106_rc-chr2_haplotype2-0000111:84354609-87593857	84877483	87073379	2195896
HG02059_rc-chr2_haplotype2-0000138:91450356-94854554	91967818	94332032	2364214
HG00358_chr2_haplotype2-0000104:2-2786051	115805	2263530	2147725
HG02953_chr2_haplotype1-0000011:92200823-95082779	92719923	94560293	1840370
HG00864_chr2_haplotype2-0000079:918343-3698191	1437467	3175701	1738234
HG01596_rc-chr2_haplotype1-0000030:91275489-94836237	91792895	94315440	2522545
HG00171_rc-chr2_haplotype1-0000028:2800671-5274519	3319759	4752007	1432248
HG00268_chr2_haplotype2-0000070:91302590-94767288	91819971	94244813	2424842
HG00513_chr2_haplotype2-0000093:91587879-94389927	92110416	93870807	1760391
HG03009_chr2_haplotype1-0000011:91402586-94660185	91919959	94137700	2217741
NA19705_rc-chr2_haplotype1-0000024:92153016-95122064	92672118	94599556	1927438
NA19317_chr2_haplotype1-0000018:91286260-94640908	91803678	94116675	2312997
HG03456_rc-chr2_haplotype2-0000150:91135676-94223024	91654744	93700492	2045748
HG03452_rc-chr2_haplotype2-0000105:2696803-5182351	3215926	4659836	1443910
NA19036_rc-chr2_haplotype1-0000025:91312580-94604478	91831688	94081993	2250305
NA19384_rc-chr2_haplotype1-0000019:91425047-94469045	91944136	93946550	2002414
HG03732_chr2_haplotype2-0000076:91476583-94467041	91993976	93942450	1948474
HG02666_chr2_haplotype2-0000083:91335909-93207561	91855029	92683034	828005
NA19347_rc-chr2_haplotype1-0000037:89769935-92444373	90289037	92377937	2088900
NA24385_rc-chr2_haplotype1-0000010:91392408-94332900	91914930	93799792	1884862
NA12329_rc-chr2_haplotype2-0000087:91566501-94651560	92083894	94129064	2045170
NA19384_chr2_haplotype2-0000111:91600356-94887354	92119465	94364835	2245370
NA20355_chr2_haplotype2-0000190:91545982-95013268	92065093	94490790	2425697
HG03065_chr2_haplotype1-0000012:91243239-94762937	91762339	94238352	2476013
HG01352_chr2_haplotype1-0000020:91376350-94822592	91895450	94300072	2404622
NA19983_chr2_haplotype2-0000110:83845306-87012204	84364394	86488166	2123772
NA19129_rc-chr2_haplotype1-0000035:91751501-95555949	92265498	95035490	2769992
HG03683_rc-chr2_haplotype2-0000073:91597800-95002998	92115185	94480523	2365338
NA19650_chr2_haplotype1-0000029:3055510-6277208	3571185	5754668	2183483
HG02011_rc-chr2_haplotype1-0000015:91444430-95160128	91963567	94639659	2676092
HG00514_chr2_haplotype2-0000175:89987482-93158570	90504869	92636034	2131165
NA20847_rc-chr2_haplotype1-0000035:165904-3602864	683297	3080370	2397073
HG03452_rc-chr2_haplotype1-0000005:90790339-93697424	91309450	93174937	1865487
HG03732_chr2_haplotype1-0000030:1094466-4455386	1613594	3932927	2319333
HG02106_rc-chr2_haplotype1-0000046:84355545-87595693	84872923	87073185	2200262
HG00732_chr2_haplotype1-0000002:91363966-94605655	91886814	94083115	2196301
HG02011_rc-chr2_haplotype2-0000081:616402-4130004	1135503	3607505	2472002
HG03371_chr2_haplotype1-0000005:91514351-95072449	92033431	94558119	2524688
HG03248_chr2_haplotype1-0000054:691957-3999665	1209187	3477208	2268021
HG02492_chr2_haplotype2-0000112:1058270-4086954	1580793	3564419	1983626
HG02666_chr2_haplotype1-0000023:90324617-93343415	90843727	92819429	1975702
NA18939_rc-chr2_unassigned-0001658:2558874-5376887	3081403	5238175	2156772
HG03248_chr2_haplotype2-0000135:719735-4339319	1238829	3816786	2577957
HG01505_chr2_haplotype2-0000156:1964310-4949758	2483413	4427246	1943833
HG04217_rc-chr2_haplotype1-0000024:89840880-92907082	90358299	92382529	2024230
HG00358_chr3_haplotype1-0000002:89854558-97225435	91791267	94343415	2552148
HG00358_chr3_haplotype1-0000002:89854558-97225435	95928654	96641450	712796
HG01573_rc-chr3_haplotype1-0000005:89758596-95473344	91738294	92910146	1171852
HG01573_rc-chr3_haplotype1-0000005:89758596-95473344	93998735	94889364	890629
HG00731_rc-chr3_haplotype1-0000027:89834480-96925278	91804743	93556471	1751728
HG00731_rc-chr3_haplotype1-0000027:89834480-96925278	95602269	96341272	739003
HG00732_chr3_haplotype2-0000075:89846942-96698890	91448678	94293088	2844410
HG00732_chr3_haplotype2-0000075:89846942-96698890	95605583	96114948	509365
HG00171_chr3_haplotype1-0000017:89805754-100511208	91506881	94248290	2741409
HG00171_chr3_haplotype1-0000017:89805754-100511208	99379860	99928068	548208
NA19129_rc-chr3_haplotype2-0000082:89791244-96608593	91614853	93218677	1603824
NA19129_rc-chr3_haplotype2-0000082:89791244-96608593	95405871	96024658	618787
HG02011_chr3_haplotype2-0000076:89810477-97993175	91755307	93230718	1475411
HG02011_chr3_haplotype2-0000076:89810477-97993175	97165018	97409282	244264
NA24385_chr3_haplotype2-0000080:89768373-97239121	91695227	94568110	2872883
NA24385_chr3_haplotype2-0000080:89768373-97239121	95948456	96655143	706687
NA24385_chr3_haplotype1-0000015:89686407-96733605	91246025	92723468	1477443
NA24385_chr3_haplotype1-0000015:89686407-96733605	95604138	96149657	545519
HG01352_rc-chr3_haplotype2-0000162:89795708-95600006	91766479	92939997	1173518
HG01352_rc-chr3_haplotype2-0000162:89795708-95600006	94220080	95016012	795932
NA19331_chr3_haplotype1-0000011:89798400-97332948	91719092	93202144	1483052
NA19331_chr3_haplotype1-0000011:89798400-97332948	95916286	96749024	832738
NA19983_chr3_haplotype2-0000105:89792537-96721535	91694789	92656898	962109
NA19983_chr3_haplotype2-0000105:89792537-96721535	95397248	96137577	740329
HG04217_rc-chr3_haplotype1-0000009:89853414-96871712	91801798	93457728	1655930
HG04217_rc-chr3_haplotype1-0000009:89853414-96871712	95483037	96287705	804668
HG03732_rc-chr3_haplotype2-0000083:89769989-96937887	91645764	93117217	1471453
HG03732_rc-chr3_haplotype2-0000083:89769989-96937887	95767757	96353943	586186
HG00268_rc-chr3_haplotype1-0000018:89832439-95786600	91843468	92954086	1110618
HG00268_rc-chr3_haplotype1-0000018:89832439-95786600	94960021	95202605	242584
NA19650_chr3_haplotype1-0000012:89775279-97760778	91396519	92884599	1488080
NA19650_chr3_haplotype1-0000012:89775279-97760778	96472948	97176819	703871
HG01596_chr3_haplotype1-0000018:7760823-18212765	9453089	11979188	2526099
HG01596_chr3_haplotype1-0000018:7760823-18212765	17034655	17629602	594947
HG01457_rc-chr3_haplotype1-0000028:89863995-96823294	91472641	93127799	1655158
HG01457_rc-chr3_haplotype1-0000028:89863995-96823294	95717442	96239370	521928
HG03807_rc-chr3_haplotype2-0000094:89844888-97648886	91763507	93693010	1929503
HG03807_rc-chr3_haplotype2-0000094:89844888-97648886	96317101	97064892	747791
HG01573_chr3_haplotype2-0000107:89767301-95365156	91667128	92904502	1237374
HG01573_chr3_haplotype2-0000107:89767301-95365156	93919634	94781188	861554
HG02587_rc-chr3_haplotype2-0000068:89770658-97475456	91713786	93180688	1466902
HG02587_rc-chr3_haplotype2-0000068:89770658-97475456	96635043	96891558	256515
NA12329_rc-chr3_haplotype2-0000076:89831479-97334056	91669749	92873039	1203290
NA12329_rc-chr3_haplotype2-0000076:89831479-97334056	96558537	96750096	191559
HG03732_rc-chr3_haplotype1-0000017:89814429-100187527	91486949	94112464	2625515
HG03732_rc-chr3_haplotype1-0000017:89814429-100187527	98990201	99604367	614166
NA19347_rc-chr3_haplotype2-0000094:89825407-96862505	91809128	93143223	1334095
NA19347_rc-chr3_haplotype2-0000094:89825407-96862505	96008113	96278577	270464
HG03065_chr3_haplotype1-0000022:89654054-98108552	91363001	92181492	818491
HG03065_chr3_haplotype1-0000022:89654054-98108552	96660509	97524588	864079
NA12329_rc-chr3_haplotype1-0000004:89838167-96659164	91447209	93613501	2166292
NA12329_rc-chr3_haplotype1-0000004:89838167-96659164	95325562	96075195	749633
NA19705_chr3_haplotype2-0000094:89818597-95425895	91382080	93375452	1993372
NA19705_chr3_haplotype2-0000094:89818597-95425895	94544106	94841974	297868
NA20509_rc-chr3_haplotype2-0000105:89799068-96218266	91698512	93573345	1874833
NA20509_rc-chr3_haplotype2-0000105:89799068-96218266	94896320	95634286	737966
HG02492_chr4_haplotype1-0000021:49382464-53467812	49882434	51292347	1409913
HG02492_chr4_haplotype1-0000021:49382464-53467812	52319085	52940703	621618
NA19705_chr4_haplotype1-0000030:49436239-53716437	49936258	51340611	1404353
NA19705_chr4_haplotype1-0000030:49436239-53716437	52503052	53198187	695135
NA19317_chr4_haplotype2-0000081:49682220-53660118	50182201	50733065	550864
NA19317_chr4_haplotype2-0000081:49682220-53660118	51751281	53022155	1270874
NA12329_chr4_haplotype2-0000096:49417388-53716507	49917358	51261890	1344532
NA12329_chr4_haplotype2-0000096:49417388-53716507	52447401	53193834	746433
HG01352_chr4_haplotype1-0000033:49365246-53947794	49865214	51660151	1794937
HG01352_chr4_haplotype1-0000033:49365246-53947794	52775292	53427324	652032
HG00731_rc-chr4_haplotype1-0000006:49271739-54020140	49771721	51569560	1797839
HG00731_rc-chr4_haplotype1-0000006:49271739-54020140	52842850	53499662	656812
HG00864_chr4_haplotype1-0000013:49098046-54109458	49598009	50090710	492701
HG00864_chr4_haplotype1-0000013:49098046-54109458	51076056	53183944	2107888
HG00864_chr4_haplotype1-0000013:49098046-54109458	53293911	53512311	218400
HG02018_chr4_haplotype2-0000080:49096489-54461937	49596474	50083052	486578
HG02018_chr4_haplotype2-0000080:49096489-54461937	50907265	52654113	1746848
HG02018_chr4_haplotype2-0000080:49096489-54461937	52915196	53539010	623814
HG02018_chr4_haplotype2-0000080:49096489-54461937	53660135	53850818	190683
NA18939_rc-chr4_haplotype2-0000127:49244957-54029956	49744953	50495121	750168
NA18939_rc-chr4_haplotype2-0000127:49244957-54029956	52480142	53073243	593101
NA18939_rc-chr4_haplotype2-0000127:49244957-54029956	53209418	53410034	200616
HG00732_rc-chr4_haplotype2-0000088:49400316-53995364	49900333	51957501	2057168
HG00732_rc-chr4_haplotype2-0000088:49400316-53995364	52791227	53472697	681470
HG03065_rc-chr4_haplotype1-0000025:49478455-53359703	49978454	51757709	1779255
HG03065_rc-chr4_haplotype1-0000025:49478455-53359703	52225044	52828823	603779
HG03683_rc-chr4_haplotype1-0000025:49338483-55055378	49838473	50376758	538285
HG03683_rc-chr4_haplotype1-0000025:49338483-55055378	51785199	53433115	1647916
HG03683_rc-chr4_haplotype1-0000025:49338483-55055378	53626819	54111566	484747
HG03683_rc-chr4_haplotype1-0000025:49338483-55055378	54219896	54439152	219256
NA19347_chr4_haplotype1-0000028:49652263-54303079	50152234	50682523	530289
NA19347_chr4_haplotype1-0000028:49652263-54303079	51614179	53299168	1684989
NA19347_chr4_haplotype1-0000028:49652263-54303079	53454857	53679884	225027
HG02059_rc-chr4_haplotype2-0000141:49471371-52862829	49971334	50504477	533143
HG02059_rc-chr4_haplotype2-0000141:49471371-52862829	51683572	52344595	661023
HG03520_chr4_haplotype2-0000147:49425889-55289987	49925885	50452613	526728
HG03520_chr4_haplotype2-0000147:49425889-55289987	52060728	54656429	2595701
HG02011_rc-chr4_haplotype1-0000022:49392406-53591755	49892370	50412633	520263
HG02011_rc-chr4_haplotype1-0000022:49392406-53591755	50937117	52612046	1674929
HG02011_rc-chr4_haplotype1-0000022:49392406-53591755	52736076	52984714	248638
HG03732_rc-chr4_haplotype1-0000022:309915-4155063	809877	2398269	1588392
HG03732_rc-chr4_haplotype1-0000022:309915-4155063	2655218	3167678	512460
HG03732_rc-chr4_haplotype1-0000022:309915-4155063	3285460	3527821	242361
NA19836_chr4_haplotype1-0000034:49562827-54088620	50062817	52188292	2125475
NA19836_chr4_haplotype1-0000034:49562827-54088620	53058341	53565922	507581
HG01114_chr4_haplotype1-0000014:48908406-53288995	49408420	50904464	1496044
HG01114_chr4_haplotype1-0000014:48908406-53288995	52069208	52766318	697110
HG00732_rc-chr4_haplotype1-0000010:49357701-54771344	49857689	51309724	1452035
HG00732_rc-chr4_haplotype1-0000010:49357701-54771344	53468003	54248656	780653
HG02953_rc-chr4_haplotype1-0000037:49320134-53394432	49820124	50328976	508852
HG02953_rc-chr4_haplotype1-0000037:49320134-53394432	51158821	52780450	1621629
HG00514_chr4_haplotype1-0000049:2-2223551	2	102039	102037
HG00514_chr4_haplotype1-0000049:2-2223551	998749	1700883	702134
HG02059_rc-chr4_haplotype1-0000022:49360105-53739953	49860101	50834221	974120
HG02059_rc-chr4_haplotype1-0000022:49360105-53739953	52468913	53217281	748368
NA19317_rc-chr4_haplotype1-0000029:49377268-52471277	49877221	50423155	545934
NA19317_rc-chr4_haplotype1-0000029:49377268-52471277	51018200	51828562	810362
HG03248_rc-chr4_haplotype1-0000033:49290522-53967572	49790506	50501103	710597
HG03248_rc-chr4_haplotype1-0000033:49290522-53967572	51429141	53316356	1887215
HG03520_chr4_haplotype1-0000028:49148943-53696272	49648910	50181271	532361
HG03520_chr4_haplotype1-0000028:49148943-53696272	51255478	52961005	1705527
HG03371_chr4_haplotype1-0000023:49526428-54245674	50026412	52880144	2853732
HG03371_chr4_haplotype1-0000023:49526428-54245674	53140963	53714145	573182
HG01457_chr4_haplotype1-0000007:49493605-53859302	49993595	51816251	1822656
HG01457_chr4_haplotype1-0000007:49493605-53859302	52704465	53338821	634356
HG03248_rc-chr4_haplotype2-0000155:49231693-53121191	49731710	50193113	461403
HG03248_rc-chr4_haplotype2-0000155:49231693-53121191	50739903	52148847	1408944
HG03248_rc-chr4_haplotype2-0000155:49231693-53121191	52262199	52490207	228008
NA19036_chr4_haplotype1-0000017:49307552-56298500	49807534	50362159	554625
NA19036_chr4_haplotype1-0000017:49307552-56298500	51283087	51811162	528075
NA19036_chr4_haplotype1-0000017:49307552-56298500	52510929	53086469	575540
NA19036_chr4_haplotype1-0000017:49307552-56298500	54094293	55281821	1187528
NA19036_chr4_haplotype1-0000017:49307552-56298500	55403697	55641827	238130
HG02554_rc-chr4_haplotype2-0000185:49271019-53776817	49770991	50658133	887142
HG02554_rc-chr4_haplotype2-0000185:49271019-53776817	50976633	52047602	1070969
HG02554_rc-chr4_haplotype2-0000185:49271019-53776817	52221000	53165027	944027
HG02106_chr4_haplotype2-0000084:49309007-53526905	49808988	50892090	1083102
HG02106_chr4_haplotype2-0000084:49309007-53526905	52228580	53004218	775638
NA21487_chr4_haplotype1-0000029:2-4014751	401036	953770	552734
NA21487_chr4_haplotype1-0000029:2-4014751	1845450	2996806	1151356
NA21487_chr4_haplotype1-0000029:2-4014751	3133518	3391230	257712
NA18939_chr4_haplotype1-0000025:49190188-54790036	49690155	50472517	782362
NA18939_chr4_haplotype1-0000025:49190188-54790036	51585225	53874226	2289001
NA18939_chr4_haplotype1-0000025:49190188-54790036	53985321	54173828	188507
HG02282_chr4_haplotype2-0000122:49178622-53600320	49678597	50292235	613638
HG02282_chr4_haplotype2-0000122:49178622-53600320	50627068	52667043	2039975
HG02282_chr4_haplotype2-0000122:49178622-53600320	52786212	52998074	211862
HG00731_rc-chr4_haplotype2-0000044:49518715-54066465	50018689	51322681	1303992
HG00731_rc-chr4_haplotype2-0000044:49518715-54066465	52777760	53543818	766058
HG01890_rc-chr4_haplotype1-0000029:49658095-54488341	50158048	52532382	2374334
HG01890_rc-chr4_haplotype1-0000029:49658095-54488341	53344164	53959010	614846
HG00358_chr4_haplotype1-0000024:49256190-53565588	49756204	51411517	1655313
HG00358_chr4_haplotype1-0000024:49256190-53565588	52299963	53042932	742969
NA19036_rc-chr4_haplotype2-0000075:49294284-52381885	49794267	50180171	385904
NA19036_rc-chr4_haplotype2-0000075:49294284-52381885	50604882	51780144	1175262
HG00733_chr4_haplotype2-0000083:49528896-54076694	50028893	51332885	1303992
HG00733_chr4_haplotype2-0000083:49528896-54076694	52787964	53554022	766058
NA12329_chr5_haplotype2-0000083:45623573-50937228	46945310	49196691	2251381
HG00731_rc-chr5_haplotype2-0000040:45990264-52812412	47340741	51116950	3776209
HG03732_chr5_haplotype2-0000103:45611286-53709534	46738238	51577665	4839427
HG03248_chr5_haplotype1-0000046:45860630-52652328	47235182	51029233	3794051
HG03371_rc-chr5_haplotype2-0000072:45753151-51488949	47085534	49933415	2847881
HG04217_chr5_haplotype2-0000057:45682687-52438235	46819913	50349276	3529363
HG00171_rc-chr5_haplotype1-0000024:45744343-51978791	47148678	50023457	2874779
HG04217_rc-chr5_haplotype1-0000033:11486983-18500281	12697980	16279060	3581080
HG01352_rc-chr5_haplotype2-0000176:45834240-52511188	46964564	50355647	3391083
HG02492_rc-chr5_haplotype2-0000116:45792348-53530546	46971385	51411474	4440089
HG00171_rc-chr5_haplotype2-0000159:45964057-53897655	47071841	51878516	4806675
NA20355_rc-chr5_haplotype2-0000159:45864740-51553596	47332358	49607980	2275622
NA19129_chr5_haplotype1-0000007:45970080-52409935	47315414	50723733	3408319
HG00514_chr5_haplotype2-0000171:44840068-50996366	46198175	49331255	3133080
NA19705_chr5_haplotype2-0000077:45580338-50915736	46924286	48771667	1847381
HG02059_rc-chr5_haplotype2-0000139:45636404-52442852	47098042	50421842	3323800
HG00514_rc-chr5_haplotype1-0000032:44742438-51186821	46068073	49488581	3420508
NA19317_rc-chr5_haplotype2-0000071:45780310-50377458	47025815	48805674	1779859
HG03009_chr5_haplotype2-0000073:45852630-51441028	46960822	49519448	2558626
HG02059_rc-chr5_haplotype1-0000020:45721652-52197900	47065254	50449092	3383838
HG03456_chr5_haplotype1-0000022:46103403-52722101	47218086	50328968	3110882
NA19129_rc-chr5_haplotype2-0000088:45886959-52986660	47311108	51179602	3868494
NA19036_chr5_haplotype2-0000071:45796553-51294954	47274269	49193384	1919115
HG03371_rc-chr5_haplotype1-0000020:45934482-52798880	47424487	50804218	3379731
HG00731_rc-chr5_haplotype1-0000003:45696695-51138443	46832733	49363487	2530754
NA12329_chr5_haplotype1-0000012:45852143-52580998	47010520	50468060	3457540
NA19705_chr6_haplotype2-0000083:57973090-62270642	58516447	61437742	2921295
HG01890_rc-chr6_haplotype1-0000013:57987771-60728269	58531199	59911558	1380359
HG03732_chr6_haplotype2-0000078:57936667-61538466	58480029	60724936	2244907
HG02587_chr6_haplotype2-0000072:57645153-62233151	58188573	61390623	3202050
NA20355_rc-chr6_haplotype2-0000170:57861207-61970605	58404629	61130503	2725874
HG01505_chr6_haplotype2-0000147:57871714-61438612	58415087	60625115	2210028
HG02587_chr6_haplotype1-0000032:57804153-61471751	58347580	60638869	2291289
HG02282_rc-chr6_haplotype2-0000148:57944983-62088574	58488339	61269114	2780775
NA18939_chr6_haplotype1-0000023:57914832-62406282	58458199	61573186	3114987
NA19347_chr6_haplotype1-0000013:57864922-62467190	58408381	61650114	3241733
HG03456_chr6_haplotype2-0000164:57906176-61887624	58449563	61086021	2636458
HG00096_chr6_haplotype2-0000117:57813722-62215202	58357116	61395726	3038610
HG00732_chr6_haplotype1-0000005:57850717-62074292	58394120	61217790	2823670
NA19434_rc-chr6_haplotype2-0000127:57963381-62284130	58506742	61408323	2901581
HG03065_chr6_haplotype1-0000033:57938294-62241142	58481711	61398783	2917072
NA19705_rc-chr6_haplotype1-0000029:58016271-61392562	58559669	60688138	2128469
NA20509_rc-chr6_haplotype2-0000099:58071856-62483754	58615228	61671508	3056280
HG02059_chr6_haplotype2-0000151:57959100-61862645	58502538	61054700	2552162
HG03248_chr6_haplotype2-0000148:58131012-62176598	58674361	61326813	2652452
HG03807_rc-chr6_haplotype2-0000087:57829229-62204097	58372623	61390566	3017943
HG02818_chr6_haplotype1-0000027:57863981-61827379	58407374	60994504	2587130
HG02953_chr6_haplotype1-0000025:57955796-61765794	58499151	60949090	2449939
NA12329_rc-chr6_haplotype1-0000031:57996157-61914108	58539537	61102459	2562922
HG01352_rc-chr6_haplotype1-0000013:57988087-64341663	58531443	63508423	4976980
HG03683_chr6_haplotype1-0000032:58027424-61539480	58570803	60758037	2187234
NA19129_chr6_haplotype2-0000085:57870105-61810999	58413540	61009389	2595849
HG01457_chr6_haplotype2-0000108:58009783-62887331	58553212	62075178	3521966
HG03683_chr6_haplotype2-0000085:57971874-61267172	58515295	60453653	1938358
NA18939_chr6_haplotype2-0000156:57804957-60741855	58348366	59924776	1576410
HG00268_rc-chr6_haplotype1-0000024:57917813-60913061	58461247	60057389	1596142
HG02011_rc-chr6_haplotype2-0000074:57891672-62035270	58435040	61215815	2780775
HG02666_chr6_haplotype2-0000091:58000896-61255294	58544261	60438090	1893829
NA12329_chr6_haplotype2-0000081:57988964-62303362	58532405	61448240	2915835
HG02953_rc-chr7_haplotype1-0000021:58612443-63547541	60445075	62577889	2132814
HG02769_rc-chr7_haplotype2-0000185:59011015-65421365	60528611	64447508	3918897
NA19129_chr7_haplotype2-0000108:58382207-62710405	59894075	61734366	1840291
HG02018_rc-chr7_haplotype1-0000020:30744464-36699612	32397764	35731905	3334141
NA19983_chr7_haplotype1-0000014:58988153-63493103	60567030	62517084	1950054
NA18989_chr7_haplotype2-0000133:58636024-65592683	60106500	64616456	4509956
NA19129_rc-chr7_haplotype1-0000002:2404766-7940314	4298719	6960641	2661922
HG00358_chr7_haplotype2-0000083:58999101-65180952	60503522	64207108	3703586
NA19384_chr7_haplotype2-0000107:59172932-64928062	60702065	63951852	3249787
HG01505_chr7_haplotype1-0000019:58835699-64707247	60321520	63733402	3411882
NA19317_rc-chr7_haplotype2-0000073:59088144-64070006	60813086	63092025	2278939
HG02666_rc-chr7_haplotype2-0000073:58859962-64816960	60595694	63840735	3245041
HG00268_chr7_haplotype2-0000071:60363457-65300410	61879097	64327983	2448886
NA24385_chr7_haplotype1-0000012:58981467-63957880	60478730	62984033	2505303
NA19705_rc-chr7_haplotype1-0000027:58955698-64636895	60428551	63663008	3234457
HG03248_rc-chr7_haplotype1-0000034:58999422-64315070	60514006	63342611	2828605
HG00171_rc-chr7_haplotype1-0000027:59027575-62884425	60729776	61910614	1180838
HG03452_chr7_haplotype2-0000120:2-3003550	306683	2025782	1719099
NA19036_rc-chr7_haplotype2-0000082:58929646-64177265	60488777	63204826	2716049
HG03456_chr7_haplotype2-0000152:58650945-62966896	60141794	61992784	1850990
NA12329_chr7_haplotype2-0000101:58603070-65311522	60046664	64335318	4288654
HG00864_chr7_haplotype1-0000026:58492042-62529495	59882964	61525821	1642857
NA19347_rc-chr7_haplotype2-0000096:58856098-64571046	60476544	63595361	3118817
HG01457_rc-chr7_haplotype1-0000015:58932503-62873651	60496105	61897301	1401196
HG01457_chr7_haplotype2-0000112:59068927-64951825	60722173	63977500	3255327
HG03248_rc-chr8_haplotype2-0000165:42838591-46189189	43732704	45463493	1730789
HG02282_chr8_haplotype2-0000139:43020959-47115937	43915062	46388854	2473792
NA20355_chr8_haplotype2-0000188:42135678-45617776	43029816	44892115	1862299
HG01114_rc-chr8_haplotype1-0000009:42814582-46126836	43708678	45400593	1691915
NA12329_rc-chr8_haplotype2-0000092:42848904-46591502	43740983	45865275	2124292
NA19650_rc-chr8_haplotype1-0000020:43930998-47700996	44828061	46974772	2146711
NA20847_rc-chr8_haplotype2-0000106:42718035-46604033	43612161	45876962	2264801
HG02018_rc-chr8_haplotype1-0000025:42266741-46651339	43160018	45925130	2765112
NA19650_rc-chr8_haplotype2-0000084:42914892-47209858	43808018	46483628	2675610
NA19384_chr8_haplotype1-0000012:42660634-46473432	43557905	45746360	2188455
HG03452_rc-chr8_haplotype2-0000104:43447835-47574333	44341941	46847248	2505307
NA20509_rc-chr8_haplotype1-0000011:42898254-45997052	43792375	45269971	1477596
HG01890_rc-chr8_haplotype1-0000017:42797910-46774208	43692024	46045061	2353037
NA19705_chr8_haplotype1-0000021:43327483-46711968	44226079	45984897	1758818
HG02587_chr8_haplotype1-0000015:43893385-46592033	44780679	45864588	1083909
HG01114_chr8_haplotype2-0000271:42783751-46495749	43675837	45769530	2093693
HG00171_rc-chr8_haplotype1-0000026:43436494-47437452	44329605	46711242	2381637
NA19129_chr8_haplotype2-0000103:42966753-46698419	43860878	45971339	2110461
HG02059_rc-chr8_haplotype2-0000148:43002930-46785399	43897343	46058317	2160974
NA12329_rc-chr8_haplotype1-0000020:43361430-47839005	44255527	47111931	2856404
HG01457_rc-chr8_haplotype2-0000117:42320528-46434611	43214628	45707532	2492904
NA19036_rc-chr8_haplotype2-0000081:43543490-46698188	44432952	45971121	1538169
HG03371_rc-chr8_haplotype1-0000003:42321457-46979705	43214613	46252649	3038036
HG01505_chr8_haplotype1-0000033:43166137-46903191	44063208	46176946	2113738
HG01352_rc-chr8_haplotype1-0000026:42172435-46110733	43065538	45384499	2318961
NA19129_chr8_haplotype1-0000028:43459098-47621596	44353233	46894511	2541278
HG02106_rc-chr8_haplotype1-0000031:42537264-46724062	43430346	45997857	2567511
HG01596_chr8_haplotype1-0000012:42621140-46552438	43514576	45826201	2311625
HG01457_rc-chr8_haplotype1-0000024:35180582-38670280	36077642	37943721	1866079
HG03009_rc-chr8_haplotype1-0000003:42664453-46895411	43557550	46169198	2611648
HG02953_chr8_haplotype1-0000028:44965202-49078971	45859657	48351885	2492228
HG03065_chr8_haplotype2-0000071:43314599-46760574	44208703	46033490	1824787
HG00864_rc-chr8_haplotype1-0000018:40462100-43666756	41359129	42940533	1581404
HG00733_rc-chr8_haplotype2-0000087:42951047-46874722	43844105	46148494	2304389
HG02011_rc-chr8_haplotype2-0000089:43666110-46498387	44553394	45770955	1217561
HG00171_chr8_haplotype2-0000144:42808215-46620763	43701322	45894525	2193203
NA19836_rc-chr8_haplotype2-0000110:43374382-46551661	44268471	45825417	1556946
NA19705_rc-chr8_haplotype2-0000097:42893511-47073009	43787642	46345933	2558291
NA20509_rc-chr8_haplotype2-0000109:42591950-46541548	43485075	45815331	2330256
HG02587_chr8_haplotype2-0000059:43403987-46820035	44298136	46094320	1796184
HG00514_rc-chr8_haplotype2-0000160:42206847-46116205	43103915	45390010	2286095
NA18939_chr9_haplotype1-0000015:45475047-50251148	45978529	49745656	3767127
HG00268_rc-chr9_haplotype2-0000080:42130455-48046478	42644637	47540980	4896343
HG02282_rc-chr9_haplotype1-0000028:9203544-12263445	9717722	11757973	2040251
HG02666_rc-chr9_haplotype2-0000075:44759917-48623005	45274100	48117469	2843369
NA19347_chr9_haplotype2-0000074:44819279-48415678	45333457	47910185	2576728
HG03371_chr9_haplotype2-0000065:44515729-47587872	45019221	47517344	2498123
NA19129_rc-chr9_haplotype1-0000029:44816158-47579007	45329661	47073495	1743834
NA24385_chr9_haplotype1-0000016:42643024-45871068	43157224	45365568	2208344
HG00171_rc-chr9_haplotype1-0000007:44491107-47818855	45005289	47313399	2308110
HG02492_rc-chr9_haplotype2-0000119:44534236-47852576	45048430	47347065	2298635
HG03248_rc-chr9_haplotype1-0000024:41811969-45382985	42315455	45095730	2780275
NA20509_rc-chr9_haplotype2-0000092:44496088-47423488	45010266	46918027	1907761
NA19983_rc-chr9_haplotype2-0000099:44199920-50185968	44714105	49680501	4966396
HG00268_rc-chr9_haplotype1-0000032:44404031-47451850	44918218	46946377	2028159
HG02011_rc-chr9_haplotype2-0000068:44416691-47721526	44920172	47448235	2528063
HG02011_chr9_haplotype1-0000001:72956916-76925972	73471088	76420473	2949385
HG00514_chr9_haplotype1-0000039:44500452-48923900	45003942	48418390	3414448
HG00732_chr9_haplotype1-0000028:44622715-48105299	45136898	47599846	2462948
HG01457_chr9_haplotype2-0000115:1-3596126	164837	3090694	2925857
HG02018_chr9_haplotype2-0000086:44563276-47634329	45077448	47128855	2051407
HG01457_chr9_haplotype1-0000023:2-3431451	164837	2925987	2761150
HG03732_chr9_haplotype1-0000014:42868891-46965642	43372373	46460115	3087742
NA12329_chr9_haplotype2-0000075:44699966-48921194	45214159	48415739	3201580
HG01114_rc-chr9_haplotype1-0000032:44577378-48247074	45091561	47741573	2650012
HG03009_chr9_haplotype2-0000076:44511731-48264320	45025914	47758828	2732914
NA19983_chr9_haplotype1-0000018:46532616-49474265	47036100	48968810	1932710
HG01890_chr9_haplotype1-0000011:44739802-47357350	45253836	46851876	1598040
NA19317_rc-chr9_haplotype1-0000016:44883049-48597497	45397222	48092004	2694782
HG00358_rc-chr9_haplotype1-0000019:44515058-46634006	45029259	46128486	1099227
HG02666_rc-chr9_haplotype1-0000016:45065727-47883525	45245533	47378017	2132484
NA19650_rc-chr9_haplotype2-0000076:42629138-46084436	43143319	45578968	2435649
HG00171_rc-chr9_haplotype2-0000142:3702833-5746660	4217020	5241179	1024159
NA19434_chr9_haplotype1-0000023:44548319-49999003	45062502	49493550	4431048
HG01505_rc-chr9_haplotype2-0000158:44555339-47100998	45069511	46595481	1525970
HG03520_chr9_haplotype1-0000014:44535395-47845673	45038877	47340200	2301323
HG00731_chr9_haplotype2-0000067:44557267-49772515	45071455	49267040	4195585
NA19129_rc-chr9_haplotype2-0000106:44944608-47684311	45458101	47178815	1720714
NA24385_chr9_haplotype2-0000088:44546792-47922690	45060964	47417193	2356229
HG04217_rc-chr9_haplotype2-0000068:42918488-45810836	43432677	45305352	1872675
HG03371_chr9_haplotype1-0000014:44979161-47562562	45247524	47057084	1809560
NA19705_rc-chr9_haplotype1-0000032:44762272-46960003	45276459	46917410	1640951
NA19239_rc-chr9_haplotype2-0000080:44781958-47530086	45296147	47024569	1728422
HG04217_chr10_haplotype2-0000056:38586769-42619267	39648824	41543971	1839008
HG04217_chr10_haplotype2-0000056:38586769-42619267	41561448	41834749	253278
HG03248_rc-chr10_haplotype2-0000140:38596400-42543248	39647995	39957637	296420
HG03248_rc-chr10_haplotype2-0000140:38596400-42543248	39971884	41858306	1769226
HG01457_rc-chr10_haplotype1-0000022:38604953-42380751	39660415	41511020	1843997
HG03371_chr10_haplotype1-0000008:38567953-42193851	39639040	41420714	1770658
HG00171_chr10_haplotype1-0000034:38504704-42846452	39567702	42017119	2445698
HG00733_rc-chr10_haplotype2-0000099:38627787-42698935	39695408	41579024	1857670
HG00733_rc-chr10_haplotype2-0000099:38627787-42698935	41638904	41937150	271100
HG02587_rc-chr10_haplotype2-0000052:38599599-43480268	39651892	39937759	272645
HG02587_rc-chr10_haplotype2-0000052:38599599-43480268	39952007	40289990	306593
HG02587_rc-chr10_haplotype2-0000052:38599599-43480268	40304238	42792259	2414931
HG00358_rc-chr10_haplotype1-0000023:37920084-43662732	38981538	42743052	3754906
NA24385_rc-chr10_haplotype1-0000009:38656729-42854127	39737639	41722161	1958576
NA24385_rc-chr10_haplotype1-0000009:38656729-42854127	41779667	42050920	241393
NA19650_rc-chr10_haplotype1-0000014:38588060-43267508	39628502	40176675	517820
NA19650_rc-chr10_haplotype1-0000014:38588060-43267508	40201614	42607965	2266071
HG03520_rc-chr10_haplotype2-0000161:38549519-44048877	39616956	43249916	3624481
HG02011_rc-chr10_haplotype1-0000023:38634219-44131279	39706857	43335054	3619718
HG00731_chr10_haplotype1-0000021:38602779-42524971	39665015	41599215	1927592
NA20355_chr10_haplotype1-0000010:38506471-41842855	39578978	40849698	1240698
NA20355_chr10_haplotype1-0000010:38506471-41842855	40914496	41086363	147769
HG00171_chr10_haplotype2-0000170:38593001-43839338	39649868	40220802	539902
HG00171_chr10_haplotype2-0000170:38593001-43839338	40248116	43152990	2781220
HG00513_rc-chr10_haplotype2-0000119:38566464-42740062	39635226	41594167	1937912
HG00513_rc-chr10_haplotype2-0000119:38566464-42740062	41608248	41937237	279793
NA18989_chr10_haplotype2-0000151:38668256-43227454	39720077	40501207	773510
NA18989_chr10_haplotype2-0000151:38668256-43227454	40574664	42580168	1902084
HG03456_rc-chr10_haplotype2-0000163:38617315-42583775	39680001	41811144	2124531
NA19434_rc-chr10_haplotype1-0000021:30907387-34480335	31979356	33319405	1328692
NA19434_rc-chr10_haplotype1-0000021:30907387-34480335	33444751	33708508	232028
HG00732_rc-chr10_haplotype1-0000011:37871253-42178851	38940016	41059177	2109160
HG00732_rc-chr10_haplotype1-0000011:37871253-42178851	41121429	41481066	204107
HG03371_chr10_haplotype2-0000070:38650330-42948830	39622475	41805622	2175202
HG03371_chr10_haplotype2-0000070:38650330-42948830	41858792	42004950	145987
NA20355_chr10_haplotype2-0000166:38611468-42372866	39653498	40104289	443336
NA20355_chr10_haplotype2-0000166:38611468-42372866	40158914	41695893	1454887
NA19347_rc-chr10_haplotype2-0000067:38541939-42139537	39613766	41052930	1420677
NA19347_rc-chr10_haplotype2-0000067:38541939-42139537	41144866	41334341	161646
NA19705_rc-chr10_haplotype2-0000079:38546679-42748877	39602885	41950897	2340723
HG00732_rc-chr10_haplotype2-0000090:38441063-42790018	39505534	41914825	2403542
NA20509_chr10_haplotype2-0000104:38530725-42644027	39593727	41835791	2238345
HG02769_rc-chr10_haplotype1-0000016:38783006-42650254	39568404	39847159	265533
HG02769_rc-chr10_haplotype1-0000016:38783006-42650254	39861407	40209221	316424
HG02769_rc-chr10_haplotype1-0000016:38783006-42650254	40223469	41924102	1658897
HG03248_rc-chr10_haplotype1-0000016:38565348-42326246	39636650	41574996	1917832
HG01352_rc-chr10_haplotype2-0000163:38545936-42175832	39608536	41318967	1703823
HG03065_rc-chr10_haplotype2-0000048:38479686-42077564	39541864	41337959	1788806
NA12329_chr10_haplotype2-0000082:38537711-42898743	39607203	41713850	2075271
NA12329_chr10_haplotype2-0000082:38537711-42898743	41765926	42120691	316423
HG02818_chr10_haplotype1-0000042:38672915-42804563	39642518	41962798	2312167
NA19240_rc-chr10_haplotype1-0000010:38662295-42600643	39725028	41828409	2096769
NA19983_rc-chr10_haplotype1-0000009:38607486-42460134	39665061	41677064	2004714
NA19384_rc-chr10_haplotype2-0000124:38553524-41946322	39614627	41270395	1655257
HG02106_rc-chr10_haplotype2-0000101:38599053-42609951	39660558	41761199	2095219
HG03456_rc-chr10_haplotype1-0000026:38607509-44273708	39678844	43461971	3766343
NA19129_rc-chr10_haplotype1-0000009:38603119-42209095	39673887	41166671	1474977
NA19129_rc-chr10_haplotype1-0000009:38603119-42209095	41240625	41510371	205130
HG02011_rc-chr10_haplotype2-0000073:38621147-43155545	39683710	42379612	2687083
HG01890_rc-chr10_haplotype2-0000062:38604104-43553252	39674542	42547985	2866671
HG01890_rc-chr10_haplotype2-0000062:38604104-43553252	42576147	42740201	148104
HG00268_chr10_haplotype1-0000011:38149259-42847866	39205469	39745527	513776
HG00268_chr10_haplotype1-0000011:38149259-42847866	39760966	42175805	2267426
HG03452_rc-chr10_haplotype2-0000143:38592950-42140198	39664084	41387916	1703318
NA19983_chr10_haplotype2-0000111:38560629-42167235	39612187	39954053	328644
NA19983_chr10_haplotype2-0000111:38560629-42167235	39968301	41499036	1423848
NA18534_chr10_haplotype1-0000015:38560894-43271242	39629668	42227515	2571900
NA18534_chr10_haplotype1-0000015:38560894-43271242	42284680	42502321	195920
HG02818_chr10_haplotype2-0000146:38558811-41937859	39629946	41163897	1513437
NA24385_chr10_haplotype2-0000090:38641553-43083551	39746203	40314067	537511
NA24385_chr10_haplotype2-0000090:38641553-43083551	40331881	42411459	1957960
NA19331_chr10_haplotype1-0000033:38569340-42309488	39641346	41264257	1611554
NA19331_chr10_haplotype1-0000033:38569340-42309488	41328884	41537358	171320
NA21487_chr10_haplotype1-0000002:38712866-43782327	39676484	42923566	3238969
NA19650_chr11_haplotype2-0000097:49931841-55420039	50936760	54179803	3243043
HG00358_chr11_haplotype1-0000026:49952974-55294922	50935971	54010974	3075003
HG00171_rc-chr11_haplotype1-0000032:49988734-53530232	50971753	52266798	1295045
HG03371_rc-chr11_haplotype1-0000001:49939017-58022280	50921564	56715971	5794407
HG02059_rc-chr11_haplotype2-0000145:49971194-56673569	50974712	55418987	4444275
HG01352_chr11_haplotype1-0000024:49943980-55556660	50946133	54310284	3364151
HG00358_chr11_haplotype2-0000110:49909374-56614981	50895426	55365919	4470493
NA19983_chr11_haplotype2-0000104:50064300-54868075	51050728	53592340	2541612
HG03520_rc-chr11_haplotype2-0000166:50003479-55509277	50989283	54242558	3253275
NA12329_chr11_haplotype2-0000077:49955330-54521978	50938350	53276234	2337884
NA18989_rc-chr11_haplotype2-0000150:49813504-54928715	50796505	53685707	2889202
HG00171_rc-chr11_haplotype2-0000167:49944380-55007878	50927389	53754652	2827263
NA18989_rc-chr11_haplotype1-0000027:49918916-54719864	50901966	53459204	2557238
NA19347_rc-chr11_haplotype1-0000016:49942908-55895356	50929989	54633603	3703614
HG02953_rc-chr11_haplotype1-0000006:49812517-55845723	50794488	54622329	3827841
HG00268_chr11_haplotype1-0000027:49861105-55285853	50837643	54091660	3254017
NA19347_rc-chr11_haplotype2-0000080:49738851-55712649	50725392	54467791	3742399
NA12329_chr11_haplotype1-0000007:50037761-55648020	51065140	54385107	3319967
NA19331_rc-chr11_haplotype1-0000025:49738210-55237408	50723925	53990383	3266458
HG01573_rc-chr11_haplotype2-0000101:49918732-54856948	50901760	53597561	2695801
HG02011_rc-chr11_haplotype2-0000085:49939789-54744581	50926859	53467754	2540895
HG02953_rc-chr11_haplotype2-0000127:49927903-56115710	50911233	54848726	3937493
HG00731_chr11_haplotype1-0000019:49746331-54738479	50729381	53476899	2747518
HG03009_rc-chr11_haplotype2-0000060:49944939-55911037	50927226	54598811	3671585
HG03807_chr11_haplotype2-0000086:49644349-55938847	50635140	54741408	4106268
HG02769_chr11_haplotype1-0000026:50089245-55797043	51078978	54546594	3467616
HG00268_chr11_haplotype2-0000074:49789946-55294995	50798467	54036174	3237707
HG03248_chr11_haplotype2-0000158:49972152-55941509	50961815	54691053	3729238
NA19331_rc-chr11_haplotype2-0000158:49992027-56574125	50952229	55226223	4273994
HG02953_rc-chr12_haplotype1-0000007:33876295-38193793	34694310	37528094	2833784
HG02953_chr12_haplotype2-0000129:33824102-40490269	34648120	39825153	5177033
NA19317_chr12_haplotype2-0000068:33880455-38968357	34698465	38306222	3607757
NA19650_rc-chr12_haplotype2-0000092:33809458-38250880	34631466	37584678	2953212
HG03683_rc-chr12_haplotype2-0000082:33838196-37931911	34657809	37265720	2607911
HG01114_chr12_haplotype1-0000022:33798858-38192537	34620830	37522912	2902082
HG04036_chr12_haplotype2-0000097:33841700-38114339	34655209	37448308	2793099
HG00513_rc-chr12_haplotype2-0000098:33956254-37836033	34778269	37169804	2391535
NA19129_chr12_haplotype2-0000092:33851163-38741561	34672242	38087720	3415478
NA19331_rc-chr12_haplotype1-0000031:34010759-38108334	34835402	37442119	2606717
HG03452_chr12_haplotype1-0000039:33799502-39914620	34621330	39248400	4627070
HG00268_rc-chr12_haplotype2-0000061:33840874-37344484	34654374	36678434	2024060
HG04217_rc-chr12_haplotype2-0000064:33960162-38147454	34773671	37483272	2709601
NA19331_rc-chr12_haplotype2-0000166:33878275-38101889	34699526	37439822	2740296
NA19129_chr12_haplotype1-0000014:33882045-39575661	34707729	38911442	4203713
HG03520_rc-chr12_haplotype1-0000008:33069657-37110449	33892944	36451395	2558451
HG00358_chr12_haplotype2-0000086:33888131-38844629	34728440	38179300	3450860
NA12329_chr12_haplotype1-0000010:33794404-37931994	34616360	37258952	2642592
HG02769_rc-chr12_haplotype1-0000011:33763770-37940877	34587072	37280710	2693638
NA19036_rc-chr12_haplotype2-0000062:33914962-37864158	34736848	37197931	2461083
NA19347_chr12_haplotype1-0000003:33890818-38688194	34713097	38022319	3309222
HG02011_chr12_haplotype2-0000067:33775755-37740362	34597731	37070742	2473011
HG02666_chr12_haplotype1-0000003:33838638-38030209	34652156	37364162	2712006
HG01505_rc-chr12_haplotype1-0000037:33917295-38156888	34745387	37490664	2745277
HG00358_chr12_haplotype1-0000007:33845722-37741138	34659258	37075107	2415849
HG02018_rc-chr12_haplotype1-0000027:33884288-37960764	34701422	37294538	2593116
NA20355_rc-chr12_haplotype1-0000024:35475392-40355042	35475411	35726381	250970
NA20355_rc-chr12_haplotype1-0000024:35475392-40355042	36297656	39689176	3391520
NA19347_chr12_haplotype2-0000071:33931315-37743553	34749332	37077318	2327986
HG00864_chr12_haplotype1-0000036:33839380-38660469	34656268	37994234	3337966
HG01505_rc-chr12_haplotype2-0000154:33851107-38985474	34673109	38319253	3646144
HG00731_chr12_haplotype1-0000022:33790968-37830116	34608597	37163895	2555298
HG03371_chr12_haplotype2-0000077:33785076-38366130	34603100	37699943	3096843
HG03371_chr13_haplotype2-0000078:4199222-12086720	9617292	11519918	1902626
HG01573_chr13_haplotype1-0000031:3949007-7542054	5512231	6975115	1462884
HG00096_chr13_haplotype2-0000134:594728-3494951	1094891	2928025	1833134
HG04217_rc-chr13_haplotype2-0000054:3916873-7372021	5326373	6805072	1478699
HG00358_rc-chr13_haplotype2-0000094:4406265-7396819	6031615	6829393	797778
HG00864_rc-chr13_haplotype1-0000037:4134882-8233080	6030812	7666167	1635355
HG02666_rc-chr13_haplotype2-0000070:4103874-8360972	5038255	7794208	2755953
HG00731_rc-chr13_haplotype2-0000055:4242674-8923268	6709634	8356349	1646715
HG03683_rc-chr13_haplotype1-0000030:1742503-4588854	3554091	4021929	467838
HG02492_rc-chr13_haplotype1-0000006:4263088-7956086	5874303	7388637	1514334
HG01890_rc-chr13_haplotype1-0000004:4106588-8287504	5235699	7720751	2485052
NA19983_rc-chr13_haplotype1-0000041:1617303-5831801	3387432	5264661	1877229
HG00513_rc-chr13_haplotype2-0000092:3412635-7694883	5479236	7127946	1648710
HG00358_chr13_haplotype1-0000009:4302636-7041884	5625720	6474948	849228
HG01457_chr13_haplotype1-0000020:4072067-7625579	5688994	7058662	1369668
HG02059_chr13_haplotype1-0000028:4204409-8609907	6782733	8042951	1260218
HG02011_chr13_haplotype1-0000002:4129163-9451472	6805250	8887784	2082534
NA18989_chr13_haplotype1-0000009:4275525-8285423	6384260	7718480	1334220
HG03248_chr13_haplotype2-0000167:4109694-7922942	6301917	7355999	1054082
HG01352_rc-chr13_haplotype1-0000012:4084558-7408906	5307191	6841987	1534796
NA19650_chr13_haplotype2-0000080:2959353-5185201	3683722	4618414	934692
HG02666_chr13_haplotype1-0000001:4510191-8972139	7162354	8405364	1243010
HG02106_rc-chr13_haplotype1-0000036:4034607-7050205	5705007	6483249	778242
HG01114_rc-chr13_haplotype1-0000007:4569000-7969290	5780409	7402183	1621774
HG02106_chr13_haplotype2-0000074:4123650-7958498	5877473	7391579	1514106
NA19317_rc-chr13_haplotype1-0000021:6575402-9885708	7503909	7883069	379160
NA19317_rc-chr13_haplotype1-0000021:6575402-9885708	8079617	9318792	1239175
NA19434_rc-chr13_haplotype2-0000146:7018623-10586871	8139000	10019742	1880742
HG02953_rc-chr13_haplotype1-0000003:4320978-9089826	6239429	8523055	2283626
NA19384_chr13_haplotype1-0000008:6475286-10710334	8534865	10143748	1608883
NA19650_chr13_haplotype1-0000023:3943229-7362729	5149093	6795799	1646706
HG01505_rc-chr13_haplotype2-0000152:3925697-7765443	5086679	7198503	2111824
NA24385_rc-chr13_haplotype2-0000087:4231352-8136968	6269237	7570040	1300803
NA19347_rc-chr13_haplotype2-0000077:4475008-9488206	7792311	8921434	1129123
HG02018_chr13_haplotype2-0000084:3993373-7428421	5358434	6861490	1503056
HG02769_chr13_haplotype1-0000049:3076027-8763025	6127139	8196075	2068936
NA19384_rc-chr13_haplotype2-0000110:4799523-9007271	6976782	8443583	1466801
HG00268_chr13_haplotype1-0000033:3957231-6061326	4529238	5526142	996904
NA20355_chr13_haplotype1-0000035:3942292-9233440	6029192	8666677	2637485
HG03065_chr13_haplotype2-0000051:4040931-9482879	7201661	8915768	1714107
NA19705_chr13_haplotype2-0000082:4344334-9132692	6030753	8564583	2533830
NA19705_chr13_haplotype1-0000010:6227022-9878432	7258534	9343424	2084890
HG03009_chr13_haplotype2-0000057:4358822-8204282	5833225	7636847	1803622
HG00864_rc-chr13_haplotype2-0000086:4259338-10026442	7716781	9459019	1742238
NA20509_rc-chr13_haplotype1-0000016:740804-3295002	1240762	2728064	1487302
HG01505_rc-chr13_haplotype1-0000035:3989535-7796734	5528423	7229817	1701394
HG00731_rc-chr13_haplotype1-0000020:4142865-7563758	5739229	6996295	1257066
HG02818_chr13_haplotype1-0000054:2864303-7758851	3602886	7192063	3589177
NA20847_chr13_haplotype1-0000015:4655732-8263480	6132124	7696542	1564418
HG02818_rc-chr13_haplotype2-0000118:4534655-9020653	7472650	8453884	981234
HG01457_chr13_haplotype2-0000116:4073594-7766085	5683668	7199153	1515485
NA24385_rc-chr13_haplotype1-0000023:7078740-10946201	9022496	10379286	1356790
HG00513_rc-chr13_haplotype1-0000005:642780-5052728	2966811	4485785	1518974
NA18534_rc-chr13_haplotype2-0000080:4170969-8216617	5623704	7649693	2025989
HG03732_chr13_haplotype1-0000021:4616966-8489170	6640952	7921745	1280793
HG03456_chr13_haplotype2-0000142:4027517-8877664	7019103	8310894	1291791
NA20509_rc-chr13_haplotype2-0000089:3980088-8006129	5246610	5281619	35009
NA20509_rc-chr13_haplotype2-0000089:3980088-8006129	5738358	7439216	1700858
NA19347_chr13_haplotype1-0000022:205625-1867773	705556	1300984	595428
HG03732_chr13_haplotype2-0000084:4075055-7751803	5596098	7184861	1588763
HG01890_chr13_haplotype2-0000053:4217644-10441542	7767555	9874583	2107028
NA18989_chr13_haplotype2-0000132:3678653-8330717	6358796	7763797	1405001
HG00514_chr13_haplotype2-0000156:1168056-5114204	2516277	4547250	2030973
HG02769_chr13_haplotype2-0000187:5322782-8403343	6065722	7853507	1787785
HG01890_chr14_haplotype1-0000003:7120735-11552384	7642579	10978274	3335695
HG03248_rc-chr14_haplotype1-0000052:7219265-10392563	7741116	9817419	2076303
HG02953_chr14_haplotype1-0000032:9515561-13159348	10037414	12585212	2547798
NA24385_rc-chr14_haplotype1-0000014:7609335-11038234	8131180	10464122	2332942
HG02282_chr14_haplotype1-0000037:5508000-7969651	6029793	7394511	1364718
HG01114_rc-chr14_haplotype1-0000006:7158945-10934424	7680752	10359279	2678527
HG03371_rc-chr14_haplotype1-0000006:5240017-8133965	5761862	7559939	1798077
HG03732_rc-chr14_haplotype1-0000031:7091498-9916646	7613346	9342493	1729147
HG01457_rc-chr14_haplotype1-0000004:5123013-7840924	5644871	7266934	1622063
HG03807_chr14_haplotype2-0000105:4729040-7518093	5250856	6962603	1711747
HG00358_chr14_haplotype2-0000102:6900330-9824696	7422160	9249531	1827371
NA18989_rc-chr14_haplotype2-0000157:7020078-9446731	7541922	8871588	1329666
HG03452_chr14_haplotype2-0000130:1320970-3992229	1842792	3417075	1574283
HG02282_chr14_haplotype2-0000141:6666590-9299581	7188411	8725563	1537152
HG01352_chr14_haplotype1-0000030:5465300-8125142	5987122	7551126	1564004
HG00513_chr14_haplotype1-0000030:6975988-9526216	7497795	8951054	1453259
HG02554_rc-chr14_haplotype2-0000189:7681461-9445909	8203302	8870740	667438
HG03371_chr14_haplotype2-0000060:5365474-8274520	5887325	7700489	1813164
NA19129_rc-chr14_haplotype1-0000001:4501329-7172127	5023141	6598110	1574969
NA12329_chr14_haplotype1-0000008:6323883-8952631	6845692	8377467	1531775
HG03065_chr14_haplotype2-0000063:6113058-9323440	6634897	8749412	2114515
HG02018_rc-chr14_haplotype1-0000007:5264546-7990094	5786366	7414941	1628575
NA19434_chr14_haplotype1-0000039:6975327-10695791	7497139	10121651	2624512
NA19650_rc-chr14_haplotype2-0000088:5310000-7492609	5831824	6918598	1086774
HG04217_rc-chr14_haplotype1-0000021:7139144-10353800	7660983	9779684	2118701
HG01890_rc-chr14_haplotype2-0000082:5252390-8236044	5774185	7660885	1886700
HG02666_chr14_haplotype2-0000087:5300610-8817640	5822457	8243511	2421054
NA19347_chr14_haplotype1-0000015:6259879-9079208	6781686	8504061	1722375
HG00864_chr14_haplotype2-0000074:5324540-8258088	5846371	7682943	1836572
HG00268_rc-chr14_haplotype1-0000009:7000346-9855819	7522153	9282895	1760742
HG03807_chr14_haplotype1-0000003:5484424-9665072	6006245	9090922	3084677
NA19317_chr14_haplotype1-0000014:4955424-7233879	5477244	6660951	1183707
NA19317_rc-chr14_haplotype2-0000083:5360365-9554263	5882198	8980118	3097920
HG00513_chr14_haplotype2-0000113:7069167-10795565	7591014	10221457	2630443
NA19983_rc-chr14_haplotype2-0000097:6925321-11778819	7447161	11204700	3757539
HG01505_rc-chr14_haplotype1-0000030:4463204-8411802	4985001	7836636	2851635
HG03456_chr14_haplotype2-0000165:5446632-8187380	5968438	7613227	1644789
HG02492_chr14_haplotype1-0000005:4980952-8199606	5502774	7626676	2123902
NA19434_chr14_haplotype2-0000138:7730207-10660931	8251997	10085790	1833793
HG02666_chr14_haplotype1-0000004:6966884-10671572	7488738	10099317	2610579
HG00732_rc-chr14_haplotype2-0000114:6954705-9622503	7476514	9047345	1570831
HG02769_rc-chr14_haplotype2-0000203:3622790-5748238	4144633	5173092	1028459
HG00358_chr14_haplotype1-0000001:5679662-9385610	6201485	8811462	2609977
NA18534_chr14_haplotype2-0000081:5653542-9788133	6175403	9213990	3038587
NA19036_rc-chr14_haplotype2-0000074:47521679-50551328	48043486	49976168	1932682
HG01596_chr14_haplotype2-0000094:5527340-8565038	6049141	7991009	1941868
NA20847_chr14_haplotype2-0000118:4373862-6715014	4895685	6140902	1245217
HG00733_rc-chr14_haplotype1-0000003:5571840-8184138	6093680	7610145	1516465
HG00171_chr14_haplotype2-0000146:7197966-10600664	7719781	10026528	2306747
HG01573_rc-chr14_haplotype1-0000006:5389764-7773480	5911594	7198302	1286708
NA19036_chr14_haplotype1-0000020:6981834-10407561	7503641	9832419	2328778
HG02011_rc-chr14_haplotype2-0000072:5315760-8320930	5837565	7746920	1909355
NA19347_chr14_haplotype2-0000078:6932197-9573924	7454004	8998778	1544774
HG01352_rc-chr14_haplotype2-0000154:7040789-9010637	7562596	8436460	873864
HG03065_chr14_haplotype1-0000023:7740406-11021914	8262201	10445948	2183747
NA19983_chr14_haplotype1-0000013:8146861-10892510	8668660	10317365	1648705
HG02106_chr15_haplotype2-0000093:4720490-9964089	7226240	9415705	2189465
NA19650_chr15_haplotype1-0000034:6903324-10930769	9558372	10382372	824000
NA19036_chr15_haplotype2-0000086:4732988-8598736	6880702	8050325	1169623
HG00864_rc-chr15_haplotype2-0000077:8993264-12926262	11175718	12377864	1202146
HG01573_chr15_haplotype1-0000004:4795744-9562369	7124473	9015816	1891343
HG02059_chr15_haplotype2-0000147:5460866-8993215	7298942	8446794	1147852
HG03520_chr15_haplotype2-0000173:12008499-16141399	13962909	15595506	1632597
HG02953_chr15_haplotype2-0000163:11874329-14960380	13724801	14414827	690026
NA19347_chr15_haplotype1-0000014:8999684-13560682	11127018	13012311	1885293
HG02011_rc-chr15_haplotype1-0000030:6369454-10824952	8740784	10276572	1535788
NA19129_rc-chr15_haplotype1-0000006:7425126-11553074	9355956	11004699	1648743
HG01352_chr15_haplotype1-0000008:6103306-10864604	8730462	10316229	1585767
HG02587_rc-chr15_haplotype1-0000035:5515368-10363266	7952938	9816693	1863755
HG03371_rc-chr15_haplotype2-0000063:4709186-8347784	7082174	7801343	719169
NA18534_rc-chr15_haplotype2-0000078:7160517-11810668	9685380	11264234	1578854
HG00268_chr15_haplotype1-0000016:4566183-8694679	6888992	8148247	1259255
HG03732_chr15_haplotype1-0000010:12417178-17600426	14681558	17052073	2370515
NA18939_rc-chr15_haplotype2-0000146:6433622-10303320	8857346	9756893	899547
HG01505_chr15_haplotype1-0000009:4019067-8193540	6563299	7647089	1083790
HG02059_chr15_haplotype1-0000038:4029350-8959748	6583853	8411391	1827538
HG01573_chr15_haplotype2-0000090:4001013-8055011	6290890	7508562	1217672
HG03009_rc-chr15_haplotype1-0000002:4704034-9675982	7117347	9129374	2012027
NA19384_chr15_haplotype1-0000023:8919977-13018975	11587427	12472374	884947
NA18989_rc-chr15_haplotype2-0000147:4439753-9086851	6771923	8540252	1768329
HG00358_chr15_haplotype1-0000030:10087220-15465078	12409967	14916703	2506736
HG04217_chr15_haplotype1-0000027:4577957-8806305	6987805	8259850	1272045
HG03807_rc-chr15_haplotype2-0000107:6233781-10124229	8577367	9575840	998473
HG02106_chr15_haplotype1-0000028:4513540-9180738	6814434	8634147	1819713
HG03452_rc-chr15_haplotype2-0000113:3523743-8255041	5943500	7711499	1767999
HG00358_chr15_haplotype2-0000113:9581342-13438990	11771187	12890619	1119432
HG04217_chr15_haplotype2-0000080:5181622-9690270	7388666	9143682	1755016
HG00171_chr15_haplotype2-0000155:5943180-9746077	8092091	9219040	1126949
NA19331_rc-chr15_haplotype1-0000036:8750241-12445347	10633415	11899469	1266054
HG01352_chr15_haplotype2-0000172:4751487-9057586	7027390	8511173	1483783
HG01114_rc-chr15_haplotype2-0000281:7223443-11731441	9668218	11183064	1514846
NA19705_chr15_haplotype2-0000071:4843949-8810492	6935360	8265088	1329728
HG00171_rc-chr15_haplotype1-0000022:4051553-7789109	6088191	7240755	1152564
HG03807_rc-chr15_haplotype1-0000033:6058281-11334354	8599656	10785982	2186326
NA19983_chr15_haplotype1-0000012:5545250-9009458	7615301	8462873	847572
NA24385_chr15_haplotype2-0000091:9621537-13575885	11788435	13027486	1239051
NA19650_rc-chr15_haplotype2-0000090:7690515-11618713	10149693	11072287	922594
NA19036_chr15_haplotype1-0000027:5672329-10226727	8737095	9680162	943067
HG02282_chr15_haplotype2-0000143:6928675-11032423	9216657	10489677	1273020
HG00733_chr15_haplotype2-0000093:5524990-8820401	7766989	8272024	505035
HG02018_rc-chr15_haplotype2-0000079:5714438-10667502	8300150	10119117	1818967
HG00731_chr15_haplotype2-0000063:5531450-8838251	7773424	8289884	516460
NA12329_chr15_haplotype1-0000006:7073153-11811913	9657270	11263555	1606285
NA19347_chr15_haplotype2-0000076:4802627-8503384	7209675	7958770	749095
HG02018_rc-chr15_haplotype1-0000008:3323565-7711913	5827767	7165494	1337727
HG03683_chr15_unassigned-0000752:5660049-10853047	8120254	10304690	2184436
HG02666_rc-chr15_haplotype1-0000017:5117472-9476670	7959758	8930084	970326
NA20509_chr15_haplotype1-0000037:7936087-13247135	10617821	12698744	2080923
NA19384_chr15_haplotype2-0000135:5003164-9168277	7712889	8621822	908933
HG00733_chr15_haplotype1-0000013:5926182-10160530	8191894	9614110	1422216
NA24385_chr15_haplotype1-0000027:5906236-10057909	8373706	9511475	1137769
NA19983_rc-chr15_haplotype2-0000089:6507753-10054551	8704128	9507957	803829
HG01890_chr15_haplotype1-0000020:5260939-8798187	7506916	8251587	744671
HG03371_chr15_haplotype1-0000002:7846462-11921009	10575388	11374400	799012
HG02587_rc-chr15_haplotype2-0000078:8881981-15087632	10941317	14541052	3599735
HG03732_chr15_haplotype2-0000098:5182306-9727754	7403817	9181158	1777341
HG03520_chr15_haplotype1-0000036:4103155-8656003	6381714	8110775	1729061
HG02059_chr16_haplotype1-0000003:15720796-19118645	16391452	18575817	2184365
HG02587_rc-chr16_haplotype2-0000058:35469119-38125485	36136983	37584698	1447715
HG02106_rc-chr16_haplotype1-0000005:35386535-38322507	36057174	37772544	1715370
HG00171_rc-chr16_haplotype2-0000143:33017119-36490132	33687741	35947320	2259579
HG02282_rc-chr16_haplotype1-0000033:36520550-38981265	37206774	38408860	1202086
HG02587_rc-chr16_haplotype1-0000014:36117689-39301770	36788347	38758957	1970610
HG03065_chr16_haplotype1-0000026:35655177-38555071	36325824	38009202	1683378
HG00733_chr16_haplotype2-0000102:35411763-38736754	36080385	38181004	2100619
HG00731_rc-chr16_haplotype1-0000023:34192823-37235694	34863463	36692871	1829408
HG03520_rc-chr16_haplotype2-0000142:35019445-38485243	35693319	37929811	2236492
HG03807_chr16_haplotype2-0000083:20085780-23083868	20756092	22541056	1784964
NA19317_rc-chr16_haplotype1-0000020:1092189-4389251	1762834	3846426	2083592
HG01457_chr16_haplotype1-0000011:34092336-36940467	34762978	36397627	1634649
NA19036_chr16_haplotype1-0000032:16732461-20404217	17414266	19858664	2444398
NA18534_chr16_haplotype2-0000082:14698141-17675725	15368822	17129167	1760345
NA12329_chr16_haplotype2-0000098:35412828-38334830	36083451	37796122	1712671
HG01505_chr16_haplotype1-0000001:35432908-38407870	36103550	37865058	1761508
HG03371_chr16_haplotype1-0000031:35394051-38254010	36064713	37711199	1646486
NA19836_chr16_haplotype2-0000146:317486-2555059	988163	2014308	1026145
HG00513_rc-chr16_haplotype1-0000036:16866680-19842429	17537252	19300971	1763719
HG03456_chr16_haplotype1-0000021:35501949-38994643	36187988	38445684	2257696
HG00358_chr16_haplotype1-0000028:35044418-37959177	35715052	37416337	1701285
HG02492_rc-chr16_haplotype2-0000126:35772511-38482159	36443178	37931505	1488327
HG04217_chr16_haplotype1-0000019:33698160-36975233	34368806	36432421	2063615
HG01573_rc-chr16_haplotype2-0000108:34339431-37830384	35010068	37283820	2273752
NA19434_rc-chr16_haplotype1-0000035:1737808-4487356	2408467	3945894	1537427
HG00514_rc-chr16_haplotype1-0000001:2-2040553	266455	1497758	1231303
HG03456_chr16_haplotype2-0000139:2737253-5665130	3407905	5124003	1716098
NA19983_chr16_haplotype2-0000098:35436814-38209814	36107430	37677544	1570114
NA19983_chr16_haplotype1-0000020:2-2337850	196349	1795704	1599355
HG00513_chr16_haplotype2-0000105:16808512-19259064	17481575	18716269	1234694
HG01573_rc-chr16_haplotype1-0000029:33677731-36561308	34348370	36018495	1670125
HG03452_chr16_haplotype2-0000118:19668673-21797991	20339316	21255174	915858
HG01457_chr16_haplotype2-0000097:34920592-38180466	35591250	37630845	2039595
HG00732_rc-chr16_haplotype2-0000068:34792197-37523695	35462811	36980868	1518057
NA19347_chr16_haplotype1-0000025:16801791-18648980	17471035	18105120	634085
HG00512_rc-chr16_haplotype1-0000018:17836729-21265325	18507386	20722483	2215097
NA12329_chr16_haplotype1-0000026:12814068-16373724	13484682	15829225	2344543
HG03065_rc-chr16_haplotype2-0000070:1776703-4593751	2444574	4052961	1608387
HG03683_chr16_haplotype1-0000028:35333524-38218421	36004181	37675609	1671428
HG02554_rc-chr16_haplotype1-0000038:16131463-19332725	16813275	18783805	1970530
HG01890_chr16_haplotype2-0000063:16757043-20036584	17427701	19493812	2066111
NA19129_chr16_haplotype2-0000086:143627-3819495	825444	3255600	2430156
HG00268_rc-chr16_haplotype2-0000065:33840480-36963519	34511109	36426152	1915043
NA18534_chr16_haplotype1-0000014:16898208-19836110	17568898	19289552	1720654
HG02953_rc-chr16_haplotype2-0000148:35608516-38926556	36279224	38383756	2104532
HG00358_chr16_haplotype2-0000109:1170764-4552851	1841421	4003594	2162173
HG01890_chr16_haplotype1-0000002:35516409-38446134	36187014	37903305	1716291
NA19384_chr17_haplotype2-0000118:23354492-27878940	24367963	27293001	2925038
NA20355_chr17_haplotype2-0000172:22837612-27010760	23698073	26438519	2740446
NA19384_chr17_haplotype1-0000018:23014791-27531889	24449339	26948335	2481318
NA19705_rc-chr17_haplotype2-0000086:23631639-27415701	24621758	26830905	2209147
NA19347_chr17_haplotype2-0000069:23282213-28305766	24344402	27719660	3375258
HG00731_chr17_haplotype1-0000013:22959983-26809034	23849721	26223578	2373857
HG03807_chr17_haplotype2-0000106:22896061-27055559	23809951	26470117	2660166
HG00731_chr17_haplotype2-0000048:23034257-29121055	24082907	28534925	4452018
HG01573_chr17_haplotype1-0000021:3777502-7369400	4724210	6783950	2059740
NA12329_rc-chr17_haplotype1-0000029:22747671-28397578	23853591	27811490	3957899
HG02282_rc-chr17_haplotype2-0000124:23292188-26896486	24207746	26311721	2103975
HG03009_chr17_haplotype1-0000001:22798763-28027235	23795487	27441113	3645626
NA19239_rc-chr17_haplotype1-0000018:23427792-27573690	24572714	26988063	2415349
HG02587_rc-chr17_haplotype2-0000071:23546633-28452381	24536265	27866432	3330167
HG00171_chr17_haplotype1-0000018:22864777-26446325	23902177	25860811	1958634
NA19983_chr17_haplotype2-0000112:23303403-27972651	24337103	27386706	3049603
HG01114_chr17_haplotype2-0000267:23076438-27368836	24176860	26783329	2606469
NA19129_rc-chr17_haplotype2-0000083:23079565-27316813	24248791	26731037	2482246
HG01573_chr17_haplotype2-0000112:22729613-27252611	23833653	26667095	2833442
HG00268_rc-chr17_haplotype1-0000030:23030319-27132317	23983215	26546791	2563576
HG03683_chr17_haplotype1-0000006:23238364-27308712	24175708	26723246	2547538
NA21487_rc-chr17_haplotype2-0000155:22787646-26593396	23740234	26007648	2267414
HG00171_chr17_haplotype2-0000153:22977115-27574316	23983212	26988822	3005610
NA19036_chr17_haplotype1-0000034:23001236-26907634	24005636	26322123	2316487
HG00358_chr17_haplotype1-0000015:22803309-28575057	23924611	27989562	4064951
HG00358_chr17_haplotype2-0000098:22757613-29360711	23825081	28775728	4950647
HG03065_chr17_haplotype1-0000010:23488906-28563204	24400019	27977763	3577744
NA24385_chr18_haplotype1-0000004:14886208-20184310	15896622	19443594	3546972
HG01114_chr18_haplotype2-0000275:14895942-19970390	15928612	19404436	3475824
NA20355_chr18_haplotype1-0000014:14833172-18022870	15946346	17207759	1261413
NA24385_chr18_haplotype2-0000068:14876841-21855989	15914372	21161338	5246966
HG02018_chr18_haplotype2-0000093:14936015-20319013	15984682	19668740	3684058
NA19983_rc-chr18_haplotype2-0000095:14890591-18866589	15821750	17968964	2147214
NA18989_rc-chr18_haplotype1-0000034:14890424-18534222	15889216	17958713	2069497
NA19036_rc-chr18_haplotype1-0000001:14899543-19382794	16007417	18861045	2853628
HG00514_rc-chr18_haplotype1-0000009:14888781-21554529	15904108	20873785	4969677
HG02666_chr18_haplotype1-0000021:14880630-19674978	16098580	18808690	2710110
HG02666_chr19_haplotype2-0000088:23907097-30834046	25716962	29845563	4128601
HG02106_rc-chr19_haplotype1-0000040:23700751-30951949	25402512	27781309	2378797
HG02106_rc-chr19_haplotype1-0000040:23700751-30951949	28504548	29969807	1465259
NA20355_rc-chr19_haplotype1-0000022:6959403-13593301	9009180	12584815	3575635
HG02011_rc-chr19_haplotype2-0000070:23976233-28925732	25878403	27936410	2058007
NA19129_rc-chr19_haplotype2-0000101:23227918-29672566	25227491	28689692	3462201
HG00732_chr19_haplotype2-0000069:23860927-30949425	25757903	27744986	1987083
HG00732_chr19_haplotype2-0000069:23860927-30949425	28536515	29960945	1424430
NA19331_rc-chr19_haplotype2-0000161:23894778-30179472	25628999	27485530	1856531
NA19331_rc-chr19_haplotype2-0000161:23894778-30179472	28028616	29197299	1168683
HG03807_chr19_haplotype2-0000082:23772794-30443542	25527452	29457534	3930082
NA24385_chr19_haplotype2-0000072:23944489-30542287	25473823	29558628	4084805
NA18989_chr19_haplotype1-0000022:23804865-30697313	25426141	27776858	2350717
NA18989_chr19_haplotype1-0000022:23804865-30697313	28507910	29702526	1194616
NA24385_rc-chr19_haplotype1-0000025:23978932-30387380	25945375	29404535	3459160
HG00733_rc-chr19_haplotype1-0000020:23998070-30948768	25831412	29963811	4132399
HG04217_chr19_haplotype1-0000002:23912814-28700966	25946333	27718135	1771802
HG02769_chr19_haplotype1-0000012:23874106-29981254	25259806	28996876	3737070
HG00733_rc-chr19_haplotype2-0000086:23862117-30950528	25759091	27746174	1987083
HG00733_rc-chr19_haplotype2-0000086:23862117-30950528	28537703	29962133	1424430
HG03065_rc-chr19_haplotype1-0000018:23949903-30200701	25688086	27544274	1856188
HG03065_rc-chr19_haplotype1-0000018:23949903-30200701	28059435	29218591	1159156
NA19983_rc-chr19_haplotype2-0000092:23817299-30726348	25642718	29743504	4100786
HG00358_rc-chr19_haplotype1-0000025:23844444-30301167	25363015	29318146	3955131
NA19705_rc-chr19_haplotype2-0000078:24120642-30391940	25873281	27721645	1848364
NA19705_rc-chr19_haplotype2-0000078:24120642-30391940	28249235	29409762	1160527
HG00268_rc-chr19_haplotype1-0000017:23840741-29251289	25868046	28268434	2400388
HG00358_rc-chr19_haplotype2-0000107:23771493-29116291	25768732	28129359	2360627
NA19434_rc-chr19_haplotype1-0000036:23914483-28661881	25820044	27672509	1852465
HG03371_chr19_haplotype2-0000075:22282302-28804357	23923939	25854885	1930946
HG03371_chr19_haplotype2-0000075:22282302-28804357	26678326	27822206	1143880
NA19347_chr19_haplotype2-0000084:23794555-29964453	25220992	28981917	3760925
HG00731_rc-chr19_haplotype1-0000012:23995514-30958462	25842141	29973521	4131380
NA19650_rc-chr19_haplotype1-0000036:23801350-29679999	25726686	28697191	2970505
NA24385_rc-chr20_haplotype1-0000013:25759634-30065283	26803748	29117400	2313652
HG01573_chr20_haplotype2-0000080:25812406-30393604	26843033	29423316	2580283
NA19317_rc-chr20_haplotype2-0000076:25827371-31085648	26936206	30397370	3460486
HG03248_rc-chr20_haplotype2-0000136:25818384-29890282	27041347	28793840	1752493
HG02587_chr20_haplotype2-0000047:25773627-29100475	26856374	28264412	1408038
HG02282_chr20_haplotype1-0000019:25813912-29543660	26638984	28695630	2056646
HG02953_rc-chr20_haplotype1-0000035:25817410-30804808	27339063	29816001	2476363
HG02011_rc-chr20_haplotype2-0000069:25770061-30927359	26832261	29970051	3129904
HG02666_chr20_haplotype1-0000022:25768012-30506110	26880113	29537999	2656632
NA19347_chr20_haplotype1-0000035:25773044-30362192	26759348	29527843	2746006
HG03452_chr20_haplotype2-0000112:25798670-29943618	27480957	28960715	1478505
HG02059_rc-chr20_haplotype2-0000137:25749183-30020831	26341946	29475262	3133316
HG01505_chr20_haplotype1-0000024:25811997-29958195	26811493	28958623	2146445
HG00358_rc-chr20_haplotype2-0000084:25757138-28078036	26709247	27543730	834483
HG00731_rc-chr20_haplotype2-0000060:25771373-30122271	26779371	29224599	2445228
HG03065_rc-chr20_haplotype1-0000007:25809411-34465409	26787096	33761579	6974483
NA19650_chr20_haplotype1-0000037:25816831-30114179	26409575	29532904	3123329
HG00358_rc-chr20_haplotype1-0000005:25770287-30286385	26759454	29559687	2800233
HG03520_rc-chr20_haplotype2-0000168:25759501-29594149	26977923	28890361	1911760
NA12329_chr20_haplotype1-0000030:24880122-30825520	25913317	30022732	4108737
HG00733_rc-chr20_haplotype1-0000018:25822498-30799046	26890729	30013503	3122096
HG01352_chr20_haplotype2-0000168:25768538-30026994	26777560	29056751	2279191
NA20847_rc-chr20_haplotype2-0000129:25834985-29540683	26953810	28869826	1915338
NA19983_rc-chr20_haplotype2-0000100:25758418-30369216	27337370	29345635	2007011
HG00731_rc-chr20_haplotype1-0000025:25833380-29407278	26690758	28644446	1950229
NA18989_chr20_haplotype2-0000153:25762278-29569276	26355067	29031220	2676153
HG02554_rc-chr20_haplotype1-0000036:25815746-30627495	27134989	29947071	2811404
NA18939_chr20_haplotype1-0000013:25850157-31103555	27047026	30439881	3392177
HG01505_chr20_haplotype2-0000138:25865650-29728398	26458424	29210973	2752549
HG00733_chr20_haplotype2-0000081:25772452-30123350	26780446	29225674	2445228
NA18534_rc-chr20_haplotype1-0000026:25812383-30650032	26860546	29951590	3090366
NA20355_rc-chr20_haplotype1-0000029:25777907-29472055	26773275	28557639	1784364
HG03807_chr20_haplotype2-0000093:25771122-30174121	26671176	28866652	2194901
HG03371_chr20_haplotype2-0000062:25811577-29759683	26896575	28637356	1740102
HG01573_chr20_haplotype1-0000001:25771070-30046268	26757311	29085271	2327960
NA24385_rc-chr20_haplotype2-0000075:25828577-30635975	27140840	29977071	2835553
HG02106_chr20_haplotype1-0000021:4451543-8812091	5476994	7861319	2384325
NA19317_rc-chr20_haplotype1-0000022:25755552-30559400	26838404	29876945	3037863
NA19347_chr20_haplotype2-0000093:25820832-31068230	26929664	30379952	3449610
HG01352_chr20_haplotype1-0000018:25783018-29756266	26875756	28892379	2016623
HG01457_chr20_haplotype1-0000010:25876019-30889776	26974439	30067501	3092384
NA19650_chr20_haplotype2-0000098:25805748-29805096	26783351	29019545	2235516
HG02059_rc-chr21_haplotype2-0000135:4126873-6458420	4667504	5923224	1255720
HG00733_chr21_haplotype1-0000002:4093831-6048429	4691218	5513252	822034
HG03520_chr21_haplotype2-0000146:3383253-5116202	3883206	4549300	666094
HG01505_chr21_haplotype1-0000023:4269998-6154844	4988705	5619662	630957
HG02011_rc-chr21_haplotype2-0000065:4693773-7247474	5323324	6712315	1388991
NA19317_rc-chr21_haplotype2-0000056:3777405-6629703	4277339	6062765	1785426
HG03807_chr21_haplotype1-0000030:4016951-6620599	4716399	6085418	1369019
HG00268_chr21_haplotype2-0000049:4747499-7301147	5523182	6765946	1242764
HG00732_chr21_haplotype1-0000007:4095291-6049887	4692679	5514713	822034
HG03452_rc-chr21_haplotype1-0000033:2650661-6441692	3150581	5874767	2724186
NA24385_rc-chr21_haplotype1-0000021:3394924-6018669	4204337	5483447	1279110
NA18534_rc-chr21_haplotype1-0000010:3919694-5912678	4777953	5377498	599545
HG00268_chr21_haplotype1-0000003:4047086-6637504	4757410	6102316	1344906
HG03248_rc-chr21_haplotype2-0000168:4082091-6929140	4582006	6362221	1780215
HG03009_chr21_haplotype2-0000064:4098788-6983886	4598710	6416953	1818243
NA24385_chr21_haplotype2-0000092:4161115-5956063	4714744	5420884	706140
HG01890_rc-chr21_haplotype1-0000006:4182941-7435389	4682887	6868462	2185575
HG01114_rc-chr21_haplotype1-0000020:3665267-5562665	4424407	5027496	603089
NA19650_chr21_haplotype1-0000015:1619153-3250051	2473136	2714871	241735
HG01114_rc-chr21_haplotype2-0000285:3503208-5201956	4307600	4666768	359168
NA20355_chr21_haplotype1-0000012:4365716-6519665	4922172	5984491	1062319
HG02587_rc-chr21_haplotype2-0000051:4368803-7031401	4949584	6496375	1546791
HG00864_rc-chr21_haplotype2-0000072:3893362-6478694	4623510	5943515	1320005
HG03065_chr21_haplotype2-0000050:1621443-4789501	2121354	4220855	2099501
HG00513_chr21_haplotype2-0000103:1571053-4478851	2070997	3911751	1840754
HG04217_rc-chr21_haplotype1-0000018:4601616-6231593	5397758	5696408	298650
HG02018_rc-chr21_haplotype1-0000004:4234718-7315966	4734643	6749041	2014398
NA19239_rc-chr21_haplotype2-0000089:3915646-5610144	4415620	5043213	627593
HG00731_rc-chr21_haplotype1-0000008:4145082-6099630	4742434	5564468	822034
NA19317_chr21_haplotype1-0000028:3522495-6303143	4260918	5736202	1475284
NA19650_rc-chr21_haplotype2-0000075:1500196-3139151	2336583	2603953	267370
HG00864_chr21_haplotype1-0000025:3746233-7014681	4246151	6446041	2199890
HG02011_rc-chr21_haplotype1-0000006:5243480-8324735	5743400	7757791	2014391
NA19129_chr21_haplotype2-0000100:6058375-7839469	6809849	7304256	494407
NA20509_chr21_haplotype2-0000086:4413589-6291251	5170812	5756047	585235
HG00358_rc-chr21_haplotype2-0000089:3715592-6274591	4485950	5739416	1253466
NA19384_chr21_haplotype1-0000022:4265008-6846256	4998744	6311068	1312324
HG03452_rc-chr21_haplotype2-0000137:2636482-4349080	3214622	3813910	599288
HG03732_rc-chr21_haplotype2-0000095:4435514-7057462	5027972	6522235	1494263
HG02554_chr21_haplotype2-0000191:4889275-6655823	5633692	6120619	486927
NA12329_rc-chr21_haplotype2-0000088:3643948-6424796	4720330	5889784	1169454
HG02282_rc-chr21_haplotype2-0000136:4160435-6760984	4822225	6225827	1403602
HG02282_rc-chr21_haplotype1-0000032:6064009-9403257	6563940	8836330	2272390
NA19347_chr21_haplotype1-0000018:4119339-7033187	4666409	6466241	1799832
HG02587_rc-chr21_haplotype1-0000008:6074563-8873461	6957150	8338269	1381119
NA19384_chr21_haplotype2-0000130:4521053-7068651	5321066	6533482	1212416
HG00096_rc-chr21_haplotype2-0000098:3913741-6648889	4739869	6113681	1373812
NA12329_rc-chr21_haplotype1-0000018:3484093-5846591	4233406	5311604	1078198
HG01573_chr21_haplotype2-0000086:4367167-6442013	4956471	5906803	950332
NA19983_rc-chr21_haplotype1-0000040:2-1649101	411571	1082155	670584
HG02666_rc-chr21_haplotype2-0000071:4568186-6604182	5119668	6068967	949299
NA19240_chr21_haplotype2-0000099:4088117-5782615	4588081	5215674	627593
NA19347_rc-chr21_haplotype2-0000072:4061911-10260316	8536981	9690470	1153489
HG00171_rc-chr21_haplotype1-0000019:1285853-4015901	2004645	3480708	1476063
HG01573_rc-chr22_haplotype2-0000092:5652953-10464450	6174757	9889275	3714518
HG00358_chr22_haplotype2-0000100:6892897-10171679	7414739	9596536	2181797
HG01352_chr22_haplotype1-0000009:6562031-10472986	7083827	9897849	2814022
HG01573_chr22_haplotype1-0000032:5890711-10807009	6412561	10231868	3819307
NA19983_rc-chr22_haplotype1-0000030:7240635-9197783	7762303	8622582	860279
NA20355_rc-chr22_haplotype2-0000180:8971362-12212315	9950361	11637137	1686776
NA18534_chr22_haplotype2-0000097:6417462-11338160	6939268	10763172	3823904
HG02554_chr22_haplotype2-0000180:5910463-10171262	6432285	9596130	3163845
NA19836_rc-chr22_haplotype1-0000026:9476833-11908731	9997324	11332741	1335417
HG02666_rc-chr22_haplotype2-0000076:5671899-9877797	6193722	9302662	3108940
NA18939_rc-chr22_haplotype2-0000145:5676298-9139020	6198129	8563849	2365720
NA19650_chr22_haplotype2-0000078:4838325-8521326	5359779	7946164	2586385
HG03807_chr22_haplotype2-0000108:5742408-10520206	6264221	9945056	3680835
HG03248_chr22_haplotype1-0000010:4885815-8415713	5407656	7840573	2432917
HG02769_rc-chr22_haplotype1-0000013:7783097-11460512	8303881	10885376	2581495
HG03248_rc-chr22_haplotype2-0000145:4848851-8234149	5370490	7659005	2288515
NA18989_chr22_haplotype1-0000031:6718540-10684338	7240392	10109201	2868809
NA19317_chr22_haplotype2-0000067:7442413-10648607	7964065	10074622	2110557
HG03371_chr22_haplotype1-0000034:6556762-9651010	7078409	9075843	1997434
NA18939_chr22_haplotype1-0000006:5769117-10249132	6290963	9679106	3388143
HG02018_chr22_haplotype1-0000012:6012704-9703177	6534546	9128008	2593462
HG02587_chr22_haplotype2-0000073:4980918-8131966	5502718	7556791	2054073
HG02953_chr22_haplotype2-0000147:6361123-9685221	6882946	9110047	2227101
HG03452_rc-chr22_haplotype1-0000042:1315753-3262503	1837385	2687340	849955
HG02769_rc-chr22_haplotype2-0000224:7464333-9973881	7986148	9397010	1410862
NA19650_rc-chr22_haplotype1-0000027:5728484-9230882	6250308	8655726	2405418
HG00731_rc-chr22_haplotype1-0000015:6070953-9665701	6592773	9090543	2497770
NA18534_chr22_haplotype1-0000020:6164262-10091710	6686094	9516580	2830486
NA19129_chr22_haplotype2-0000095:7679295-10812493	8200945	10237304	2036359
HG03371_chr22_haplotype2-0000081:4797164-8325604	5318990	7740823	2421833
NA19036_rc-chr22_haplotype2-0000076:8039488-11198036	8561141	10622888	2061747
NA19036_chr22_haplotype1-0000014:8376015-12060863	8897843	11526301	2628458
NA19983_chr22_haplotype2-0000107:5383080-9560892	5904935	8985758	3080823
NA19317_chr22_haplotype1-0000006:5734037-9960685	6255667	9385505	3129838
HG03683_chr22_haplotype2-0000057:9238827-12453942	9760622	11878803	2118181
HG02018_rc-chr22_haplotype2-0000085:2622839-7672089	3144671	7096950	3952279
NA19705_chr22_haplotype2-0000092:4977864-7686754	5499518	7111568	1612050
HG00358_rc-chr22_haplotype1-0000012:5791064-9865617	6312861	9290482	2977621
HG00171_rc-chr22_haplotype2-0000152:5116253-10268451	5638049	9696179	4058130
HG01114_chr22_haplotype2-0000295:6913807-10454462	7435615	9879306	2443691
NA24385_chr22_haplotype2-0000078:6445389-9903937	6964967	9331476	2366509
HG00733_rc-chr22_haplotype1-0000017:7776909-11737007	8298742	11161858	2863116
NA20847_rc-chr22_haplotype1-0000008:5713159-9660217	6226617	9085058	2858441
NA21487_chr22_haplotype2-0000148:8129661-11499559	8651493	10930382	2278889
NA18989_chr22_haplotype2-0000155:5705908-9706527	6227767	9131387	2903620
HG02011_chr22_haplotype2-0000063:6736212-10648135	7257883	10075845	2817962
NA24385_chr22_haplotype1-0000001:6913846-10539144	7435691	9963993	2528302
NA20355_rc-chr22_haplotype1-0000030:5304232-9630504	5826055	9055375	3229320
HG02059_chr22_haplotype2-0000124:6870489-10476487	7392354	9901355	2509001
HG02106_chrX_haplotype1-0000011:2967642-7679963	3923744	7038517	3114773
HG02587_rc-chrX_haplotype2-0000056:56978985-61922410	57947916	61107274	3159358
HG02587_chrX_haplotype1-0000034:56795124-61291372	57764545	60475803	2711258
HG03732_rc-chrX_haplotype2-0000099:55940711-61660859	56894103	60845837	3951734
HG01505_chrX_haplotype2-0000140:56906549-62211097	57878385	61395542	3517157
HG02666_rc-chrX_haplotype1-0000029:56998559-60463136	57967799	59647978	1680179
NA19384_chrX_haplotype2-0000126:56962060-60829768	57938844	60016470	2077626
HG03807_chrX_haplotype1-0000005:56427150-61474781	57383145	60659440	3276295
HG03683_rc-chrX_haplotype2-0000084:56807243-61726241	57780059	60911068	3131009
NA19983_chrX_haplotype2-0000087:56925599-61871400	57902487	61056422	3153935
HG01352_rc-chrX_haplotype2-0000156:5104083-9806556	6060174	8991734	2931560
HG02769_rc-chrX_haplotype2-0000218:55751282-60773701	56708127	59958182	3250055
HG01573_chrX_haplotype1-0000026:56980363-62966511	57953078	62151376	4198298
HG02059_rc-chrX_haplotype1-0000012:54980637-59017908	55933969	58203067	2269098
HG03683_rc-chrX_haplotype1-0000031:2110495-7280444	3058982	6464884	3405902
HG02769_rc-chrX_haplotype1-0000042:56011765-60605863	56980979	59790720	2809741
NA19705_chrX_haplotype2-0000091:56925080-61233428	57901855	60419725	2517870
NA20355_rc-chrX_haplotype2-0000181:4941873-9372928	5910938	8557366	2646428
HG03452_rc-chrX_haplotype1-0000035:56844159-61490659	57801113	60818054	3016941
NA19983_rc-chrX_haplotype1-0000024:56843136-61560034	57812531	60746774	2934243
HG02282_rc-chrX_haplotype1-0000020:56933545-61343143	57910407	60527995	2617588
HG00731_rc-chrX_haplotype1-0000004:57010533-62293641	57986125	61480375	3494250
NA18989_chrX_haplotype2-0000134:56960801-61375449	57916888	60560219	2643331
NA21487_rc-chrX_haplotype1-0000006:57459659-61624857	58198820	60825287	2626467
HG01114_rc-chrX_haplotype1-0000028:56873769-61510411	57829908	60696473	2866565
HG02018_rc-chrX_haplotype1-0000034:57074088-62585037	58046940	61769478	3722538
HG02059_rc-chrX_haplotype2-0000134:55069153-59770258	56025245	58955467	2930222
HG03065_chrX_haplotype2-0000046:56989880-61107428	57966696	60293900	2327204
HG02554_rc-chrX_haplotype1-0000015:57471422-61931120	58436784	61115954	2679170
HG02953_rc-chrX_haplotype2-0000144:57003990-61920586	57976297	61105446	3129149
HG03371_rc-chrX_haplotype2-0000059:57050059-62341757	58019945	61527090	3507145
HG03452_chrX_haplotype2-0000106:4694148-8999967	5663557	8184800	2521243
NA12329_rc-chrX_haplotype1-0000017:9142122-15398420	10114005	14582865	4468860
HG02666_chrY_haplotype2-0000089:9890908-11836756	10434322	11331640	859884
NA19650_chrY_haplotype1-0000019:9674117-11104122	10217230	10599040	365999
NA19239_chrY_haplotype1-0000027:9642882-11521190	10186307	11016119	814005
HG03009_chrY_haplotype1-0000033:9776418-12397949	10319883	11892878	1557189
NA24385_chrY_haplotype2-0000081:10022997-11389194	10566418	10884072	302186
HG01457_chrY_haplotype2-0000103:9781640-11923387	10325103	11418285	1077887
HG01890_chrY_haplotype2-0000056:9773031-11251260	10316423	10746191	429446
NA20509_chrY_haplotype1-0000008:9714053-11138409	10257135	10633327	360381
NA19317_chrY_haplotype1-0000001:9732117-11787847	10275509	11282776	991461
HG01505_chrY_haplotype1-0000028:9684007-11055809	10227103	10550715	307801
NA19384_chrY_haplotype1-0000001:9814035-11133536	10357444	10628455	255205
HG00096_rc-chrY_haplotype1-0000033:9332204-10704120	9875255	10199028	307962
HG00358_rc-chrY_haplotype1-0000017:9511362-11653766	10054993	11148695	1077895
HG03732_rc-chrY_haplotype1-0000027:9762330-11359029	10305773	10853945	532365
HG03248_rc-chrY_haplotype1-0000040:9695217-11581102	10238648	11075986	821531
